user_num,Group1,Group2,Group3,Group4,Group5,Group6
1,0.009592,0.0018479999999999998,0.0,0.0,0.26868499999999995,1.0058999999999998
2,0.004796,0.000176,0.0016879999999999998,0.0,0.16696699999999998,0.7123
3,0.00218,0.001715,0.0,0.0,0.170792,0.9218
4,0.007848,0.00147,0.0018939999999999999,0.0,0.200648,1.1313
5,0.012208,0.0,0.0004725,0.0,0.227408,0.7545000000000001
6,0.0052320000000000005,0.0,0.0019039999999999999,0.0,0.158751,0.9429
7,0.003052,0.000851,0.000995,0.0,0.18418800000000002,0.7542
8,0.006976,0.0,0.0019879999999999997,0.0,0.22240099999999996,0.8802
9,0.007129000000000001,0.0,0.0,0.0,0.191737,0.9848
10,0.011336,0.0063360000000000005,0.0016879999999999998,0.0,0.20613399999999998,1.1732
11,0.00872,0.011544,0.0,0.000128,0.26822499999999994,1.0475
12,0.009156000000000001,0.0013919999999999998,0.0017439999999999999,0.0,0.24745599999999998,0.7961
13,0.008284000000000001,0.0,0.0,0.0,0.15985,0.7545000000000001
14,0.006540000000000001,4.8e-05,0.0019219999999999999,0.0,0.269005,0.9848
15,0.006976,0.003323,0.0,0.0,0.16147599999999998,1.0894
16,0.006540000000000001,0.005795999999999999,0.0020159999999999996,0.0,0.26758499999999996,0.9221
17,0.00872,0.0017239999999999998,0.0040739999999999995,0.0,0.241949,1.0272999999999999
18,0.012208,0.0,0.002044,0.0,0.212246,0.6707
19,0.004796,0.0,0.0,0.0,0.19364499999999998,1.0059
20,0.00218,0.01524,0.0018939999999999999,0.0,0.17348099999999997,1.1732
21,0.00436,0.0,0.0,0.0,0.187415,0.838
22,0.009156000000000001,0.0,0.0018939999999999999,0.0,0.24033199999999996,0.4612
23,0.005668,0.004656,0.0,0.0,0.185741,0.5658
24,0.0025009999999999998,0.003137,0.0018659999999999998,0.0,0.2572229999999999,0.9848
25,0.00872,0.0011599999999999998,0.0,0.0,0.15542999999999998,0.964
26,0.20023999999999997,0.0,0.004567999999999999,0.0,0.270637,0.7123
27,0.0052320000000000005,0.009156000000000001,0.0,0.0,0.264146,0.37710000000000005
28,0.009592000000000002,0.003338,0.002166,0.0,0.19866299999999998,1.0059
29,0.00872,0.0,0.0,0.0,0.184856,0.8383
30,0.005668,0.00335,0.00212,0.0,0.18692499999999998,0.7753
31,0.20298799999999997,0.0,0.0,0.0,0.265663,0.8802
32,0.010028,0.000527,0.0016879999999999998,0.0,0.17754199999999998,1.0894
33,0.012208,0.0,0.0,0.0,0.22564599999999996,0.6707000000000001
34,0.009745,0.006864,0.0018939999999999999,0.0,0.26897799999999994,0.9848
35,0.007412,0.00368,0.001299,0.0,0.270982,0.838
36,0.007412,0.000508,0.001566,0.0,0.171481,0.9218
37,0.0052320000000000005,0.011544,0.0,0.0,0.15100399999999997,0.9854
38,0.00872,0.0,0.002154,0.0,0.24853699999999995,0.8172
39,0.0109,0.0,0.0,0.0,0.195126,0.5447000000000001
40,0.009156000000000001,0.00297,0.001594,0.0,0.17697599999999997,0.9221000000000001
41,0.011336,0.0,0.0,0.0,0.17364899999999997,0.7545000000000001
42,0.012644,0.000668,0.0018939999999999999,0.0,0.21499,0.9848
43,0.0022055,0.0026899999999999997,0.0,0.0,0.195653,0.7964
44,0.004796,0.0,0.006683000000000001,0.0,0.186909,1.0059
45,0.007412,0.0,0.000264,0.0,0.16977699999999998,1.2154
46,0.0109,0.0,0.0017719999999999997,0.0,0.20334899999999997,0.838
47,0.0052320000000000005,0.0,0.0,0.0,0.270182,0.7545000000000001
48,0.00872,0.000796,0.0014719999999999998,0.0,0.20560099999999998,1.1104999999999998
49,0.006976,0.000714,0.0,0.0,0.165396,0.9637
50,0.009263,0.0,0.002613,0.0,0.26153599999999994,1.1735
51,0.006976,0.0,0.0,0.0,0.20857199999999998,0.6077
52,0.003488,0.0,0.0017719999999999997,0.000128,0.24197599999999997,0.6077
53,0.006976,0.007996,0.0,0.0,0.19677599999999998,0.7961
54,0.011336,0.0,0.0013219999999999998,0.0,0.155996,0.9429
55,0.004796,0.0036780000000000003,0.0,0.0,0.218795,0.8799
56,0.003488,0.0,0.0016219999999999997,0.0,0.20461,0.9218
57,0.007848,0.0,0.0,0.0,0.212414,0.7123
58,0.009156000000000001,0.0,0.003039,0.0,0.20399,0.5869
59,0.0109,7.2e-05,0.0,0.0,0.21989699999999998,1.0267
60,0.0109,0.0,0.0017719999999999997,0.0,0.24617899999999998,0.8799
61,0.187464,0.001815,0.0,0.0,0.25849399999999995,0.7542
62,0.011772000000000001,0.0,0.0016879999999999998,0.0,0.242006,0.9013
63,0.010464000000000001,0.0,0.00023100000000000003,0.0,0.196954,0.8799
64,0.008284,0.00624,0.001754,0.0,0.21886799999999998,0.9221
65,0.006976,0.0017239999999999998,0.0,0.0,0.22208599999999998,0.8799
66,0.010464000000000001,0.001336,0.0017079999999999999,0.0,0.266774,0.9640000000000001
67,0.0109,0.007488,0.0,0.0,0.26772799999999997,1.1313
68,0.008284,0.0032830000000000003,0.0018659999999999998,0.0,0.23495499999999997,1.0686
69,0.00436,0.0,0.0011940000000000002,0.0,0.21112599999999998,1.0059
70,0.0013080000000000001,0.0,0.0021379999999999997,0.0,0.21611199999999997,1.1732
71,0.003488,0.0046715,0.0,0.0,0.180773,0.964
72,0.15510799999999997,0.000425,0.002044,0.0,0.22156199999999998,0.7964
73,0.003488,0.0021579999999999998,0.0,0.0,0.21051099999999998,0.8802
74,0.0052320000000000005,0.0,0.0032329999999999998,0.0,0.20506799999999997,0.9218
75,0.010464000000000001,0.0,0.0,0.0,0.18362799999999999,0.8172
76,0.0079755,0.0024790000000000003,0.001388,0.0,0.273416,1.2154
77,0.0030520000000000005,0.0,0.0,0.0,0.18866499999999997,0.4823
78,0.004796000000000001,0.0075060000000000005,0.0018939999999999999,0.0,0.191263,0.7964
79,0.007412,0.0,0.0,0.0,0.209525,0.901
80,0.010464000000000001,0.0016389999999999998,0.0019879999999999997,0.0,0.174221,0.8802
81,0.00654,0.0,0.0,0.0,0.25954799999999995,0.964
82,0.00436,0.0,0.0018379999999999998,0.0,0.209917,0.9220999999999999
83,0.010028,0.0038000000000000004,0.0,0.0,0.20174999999999998,0.8172
84,0.004796,0.0,0.0028669999999999998,0.0,0.207082,0.9221
85,0.007848,0.000408,0.0,0.0,0.24007699999999996,0.7123
86,0.003052,0.0,0.0026179999999999997,0.0,0.23727099999999995,1.1523999999999999
87,0.009156000000000001,0.0014899999999999998,0.0,0.0,0.25135199999999996,0.9218
88,0.006104000000000001,0.00051,0.0020159999999999996,0.0,0.24309299999999998,1.0056
89,0.004796,0.000168,0.00023100000000000003,0.0,0.26952,0.7753
90,0.006976,0.0,0.0019879999999999997,0.0,0.260743,0.8799000000000001
91,0.11869599999999998,0.0013919999999999998,0.0,0.0,0.23698299999999997,0.9429
92,0.005668,0.0,0.002711,0.0,0.23289599999999996,1.0475
93,0.13204,0.003744,0.0,0.0,0.213297,1.0686
94,0.003488,0.0015119999999999999,0.002044,0.0,0.20778999999999997,0.7542
95,0.00872,0.0,0.0,0.0,0.16037699999999996,1.1735
96,0.007848,0.004391999999999999,0.0017439999999999999,0.0,0.18742999999999999,1.0475
97,0.006976,0.0,0.0,0.0,0.241395,0.9848
98,0.00436,0.0,0.001594,0.0,0.187942,0.6496000000000001
99,0.0026160000000000003,0.01092,0.0,0.0,0.248543,0.7756
100,0.004796,0.0016239999999999998,0.0019219999999999999,0.0,0.17970399999999997,0.7545000000000001
101,0.0109,0.006043,0.0,0.0,0.215559,1.1313
102,0.011336,0.0,0.002288,0.0,0.24158499999999997,1.1523999999999999
103,0.003488,0.013667999999999998,0.000264,0.0,0.21881599999999998,1.1735
104,0.009156000000000001,0.000289,0.0022149999999999995,0.0,0.20399,1.0056
105,0.006976,0.000176,0.0,0.0,0.191454,0.7542
106,0.0030520000000000005,0.0,0.0018659999999999998,0.0,0.23097099999999998,0.838
107,0.006976,0.0019619999999999998,0.000348,0.0,0.18957699999999997,1.0686
108,0.008284,0.0,0.0018659999999999998,0.0,0.235068,0.964
109,0.011772000000000001,3.6e-05,0.002598,0.0,0.271197,0.8591
110,0.006104000000000001,0.0,0.003007,0.0,0.236424,0.5028
111,0.003924,0.000816,0.0,0.0,0.18780199999999997,1.0478
112,0.005668,0.0005970000000000001,0.0017719999999999997,0.0,0.199531,1.1523999999999999
113,0.006104,0.0011599999999999998,0.0,0.0,0.20339999999999997,0.7123
114,0.012208,0.0,0.00523,0.0,0.205697,1.1735
115,0.012208,0.000204,0.0020334999999999997,0.0,0.22466999999999995,0.9218
116,0.00436,0.00624,0.0020159999999999996,0.0,0.21526299999999998,0.964
117,0.007848,0.0018559999999999998,0.0,0.0,0.163761,1.1943
118,0.003924,0.000714,0.002166,0.0,0.22485,1.1313
119,0.011336,0.001568,0.00039600000000000003,0.0,0.18133,1.1316
120,0.15903199999999998,0.012036,0.0020159999999999996,0.0,0.24803399999999998,1.0894
121,0.006540000000000001,0.002752,0.0,0.0,0.15961999999999998,1.0897000000000001
122,0.003488,0.0024270000000000003,0.0014719999999999998,0.0,0.22211299999999998,0.9218
123,0.012208,0.0,0.0,0.0,0.22655999999999998,1.2154
124,0.009592,8.400000000000001e-05,0.0016219999999999997,0.0,0.17745499999999997,0.7753
125,0.00872,0.000995,0.0,0.0,0.194039,0.8383
126,0.012644,0.0,0.0018659999999999998,0.0,0.236061,0.9218
127,0.006976,0.0,0.0,0.0,0.19270400000000001,0.7123
128,0.00872,0.0049559999999999995,0.0018659999999999998,0.0,0.224377,1.1945999999999999
129,0.010464000000000001,0.0,0.00051,0.0,0.268725,1.1732
130,0.003924,0.000408,0.002166,0.0,0.161515,0.9221
131,0.006976,0.00298,0.0,0.0,0.228234,1.0897000000000001
132,0.003488,0.0,0.0018379999999999998,0.0,0.227657,0.7542
133,0.011336,0.0,0.0,0.0,0.20616099999999998,0.9429
134,0.007848,0.000459,0.0017159999999999999,0.0,0.18241399999999997,0.8172
135,0.007848,0.0,0.0,0.0,0.24416799999999997,0.7334
136,0.005668,0.0,0.002288,0.0,0.18400999999999998,0.8799
137,0.00872,0.0,0.0,0.0,0.16696,0.7334
138,0.0052320000000000005,0.011544,0.002453,0.0,0.17806599999999997,0.8591
139,0.0109,0.00034,0.0,0.0,0.175194,0.838
140,0.009592,0.002365,0.0018939999999999999,0.0,0.179594,0.964
141,0.009156000000000001,0.0,0.0,0.0,0.21714499999999998,0.9429
142,0.011336,0.001344,0.001444,0.0,0.261291,1.1732
143,0.006104,0.0006959999999999999,0.0,0.0,0.24192499999999997,0.9848
144,0.007412,0.0032830000000000003,0.0017439999999999999,0.0,0.208815,1.1735
145,0.011336,0.0016239999999999998,0.0,0.0,0.22105599999999997,0.838
146,0.007848,0.0,0.0024129999999999998,0.0,0.23974499999999999,1.1732
147,0.003052,0.0,0.0,0.0,0.21938799999999997,0.7961
148,0.004796,0.0,0.002166,0.0,0.235343,0.8383
149,0.011772000000000001,0.003255,0.0,0.0,0.24695899999999998,0.8383
150,0.006540000000000001,0.0021019999999999997,0.0018659999999999998,0.0,0.158739,1.0266999999999997
151,0.003924,0.0,0.00041499999999999995,0.0,0.22103199999999998,1.1104999999999998
152,0.001744,0.0011599999999999998,0.003364,0.0,0.21271599999999996,1.0897000000000001
153,0.007412,0.0,0.0,0.0,0.21987599999999996,1.1523999999999999
154,0.0109,0.0,0.001594,0.0,0.19202699999999998,0.5031
155,0.0052320000000000005,0.0,0.0,0.0,0.238831,1.0689
156,0.003052,0.004027,0.0019219999999999999,0.0,0.19185599999999997,1.1104999999999998
157,0.004796,0.00051,0.0,0.0,0.23875599999999997,1.1943
158,0.010447999999999999,0.007434,0.0017719999999999997,0.0,0.270628,1.2154
159,0.00872,0.001016,0.0,0.0,0.195126,0.8172
160,0.006104000000000001,0.0013919999999999998,0.0021379999999999997,0.0,0.152124,1.1523999999999999
161,0.005668,0.004451,0.0017429999999999998,0.0,0.177464,1.0059
162,0.0025009999999999998,0.0013919999999999998,0.0020159999999999996,0.0,0.22569199999999995,1.0475
163,0.008284,0.0009279999999999999,0.0,0.0,0.17307699999999998,0.8172
164,0.008284,0.0,0.0018659999999999998,0.0,0.163141,1.0478
165,0.004796,0.0,0.0,0.0,0.24911199999999997,0.9218
166,0.009156000000000001,0.0,0.002166,0.0,0.24948099999999998,0.8383
167,0.013335,0.011231999999999999,0.0,0.0,0.18547499999999997,0.8591
168,0.007848,0.011856,0.0017439999999999999,0.0,0.17036699999999996,0.8802
169,0.010028,7.2e-05,0.000199,0.0,0.23757999999999999,0.8799000000000001
170,0.0109,0.0,0.001444,0.0,0.187443,0.9637
171,0.010464000000000001,0.0,0.0,0.0,0.274238,0.8802
172,0.006540000000000001,0.003025,0.0019879999999999997,0.0,0.26620499999999997,1.0475
173,0.006976,0.0011599999999999998,0.0,0.0,0.24751599999999996,0.9848
174,0.009592,0.000969,0.0016219999999999997,0.0,0.230989,1.0894
175,0.0026160000000000003,0.00015199999999999998,0.0,0.0,0.19564099999999998,1.0686
176,0.010642500000000001,0.015458,0.0018659999999999998,0.0,0.17195,0.9429
177,0.003924,0.004541,0.0,0.0,0.228234,0.9218000000000001
178,0.006976,0.0006959999999999999,0.002308,0.0,0.26126099999999997,1.0686
179,0.00436,0.0030840000000000004,0.0,0.0,0.22211899999999998,0.7961
180,0.007848,0.0,0.0017719999999999997,0.0,0.26659399999999994,0.7964
181,0.003924,0.000408,0.0,0.0,0.18709499999999998,0.7334
182,0.008284,0.000408,0.002166,0.0,0.241589,1.2154
183,0.007412,0.0,0.003464,0.0,0.18479199999999998,1.09
184,0.010464000000000001,0.002915,0.0019879999999999997,0.0,0.17196599999999998,1.0059
185,0.011533999999999999,0.0036349999999999998,0.0,0.000116,0.18026999999999999,1.0478
186,0.008284000000000001,0.000192,0.001444,0.0,0.2654639999999999,0.9221
187,0.010464000000000001,0.00046399999999999995,0.0,0.0,0.17088799999999998,0.6285
188,0.006540000000000001,0.0,0.0016879999999999998,0.0,0.21383,0.9640000000000001
189,0.005668,0.004878,0.0,0.0,0.18850799999999998,0.8799
190,0.005668,0.000714,0.002044,0.0,0.21657899999999997,0.8799
191,0.010028,9.6e-05,0.0,0.0,0.18300999999999998,0.7123
192,0.008284,0.002058,0.0019879999999999997,0.0,0.16427299999999997,1.0475
193,0.005668,0.0,9.900000000000001e-05,0.0,0.20167899999999997,0.7123
194,0.006540000000000001,0.00335,0.001444,0.0,0.24687799999999996,0.9848
195,0.010028,0.0013919999999999998,0.0,0.0,0.22325799999999998,1.1104999999999998
196,0.006104,0.0,0.001566,0.0,0.17531099999999997,1.0478
197,0.008284,0.0,0.0,0.0,0.267349,0.901
198,0.007412,0.002144,0.0016219999999999997,0.0,0.19791699999999998,1.1943
199,0.006976,0.0,0.0,0.0,0.19791099999999998,0.7753
200,0.009592,0.009404000000000001,0.0016879999999999998,0.0,0.163141,1.0897000000000001
201,0.005668,0.000306,0.0,0.0,0.18453899999999995,0.7334
202,0.006540000000000001,0.004764,0.0018659999999999998,0.0,0.18745999999999996,0.8799
203,0.009592,0.008496,0.0,0.0,0.258094,0.5031
204,0.006540000000000001,0.000459,0.002166,0.0,0.26234799999999997,1.0894
205,0.003052,0.011544,0.0,0.0,0.263142,1.0056
206,0.010028,0.0015679999999999997,0.0026349999999999998,0.0,0.217738,0.7961
207,0.0109,0.001169,0.0,0.0,0.196749,1.0686
208,0.007848,0.0,0.0020159999999999996,0.0,0.25521499999999997,0.8172
209,0.0093345,0.0,0.0,0.0,0.22985399999999998,0.5447
210,0.006540000000000001,0.0009279999999999999,0.0018939999999999999,0.0,0.20837099999999997,0.7334
211,0.00218,0.0,0.0,0.0,0.27127199999999996,0.9637
212,0.008284000000000001,0.0,0.002288,0.0,0.21216799999999997,1.1523999999999999
213,0.010464000000000001,0.0011599999999999998,0.000714,0.0,0.17806299999999997,0.7963999999999999
214,0.0013080000000000001,0.0,0.0021379999999999997,0.0,0.22601199999999996,0.9218
215,0.00872,0.000176,0.0,0.0,0.243078,0.8383
216,0.005668,0.00051,0.0019879999999999997,0.0,0.22491299999999997,0.7123
217,0.013080000000000001,0.0,0.0,0.0,0.23316599999999996,0.8383
218,0.010028,0.006864,0.002561,0.0,0.26453999999999994,0.7964
219,0.007412,0.000148,0.0,0.0,0.23319399999999998,1.1735
220,0.009592,0.00046399999999999995,0.0018939999999999999,0.0,0.192374,0.7964
221,0.007052500000000001,0.000171,0.0,0.0,0.21271599999999996,1.1313
222,0.0030520000000000005,0.004602,0.0026899999999999997,0.0,0.193597,0.6915
223,0.007848,0.0,0.0,0.0,0.22105299999999997,0.5447
224,0.010028,0.0,0.001594,0.0,0.16616,1.0478
225,0.003924,0.0,0.0,0.0,0.23255499999999998,1.1732
226,0.0052320000000000005,0.0056619999999999995,0.002044,0.0,0.22600299999999998,1.1104999999999998
227,0.010028,0.0,0.0,0.0,0.23604999999999998,0.7334
228,0.003052,0.0,0.002556,0.0,0.21590600000000001,0.9221
229,0.00654,0.003432,0.0,0.0,0.237601,0.8591
230,0.004796,0.0009279999999999999,0.0018529999999999998,0.0,0.20696099999999995,0.8799
231,0.010464000000000001,0.0,0.0,0.0,0.20281,1.1732
232,0.011772000000000001,0.000204,0.002044,0.0,0.20618,0.7545000000000001
233,0.0026160000000000003,0.00264,0.0019099999999999998,0.0,0.17032499999999998,1.1104999999999998
234,0.006540000000000001,0.0043289999999999995,0.003764,0.0,0.164794,1.1316
235,0.010028,0.0,0.0,0.0,0.195741,0.8802
236,0.0052320000000000005,0.000612,0.0020159999999999996,0.0,0.16297799999999998,0.9221
237,0.015301,0.0,0.0,0.0,0.267852,1.0267
238,0.003924,0.000168,0.0017719999999999997,0.0,0.17129399999999997,0.7334
239,0.003488,0.00017999999999999998,0.0,0.0,0.173676,0.7545000000000001
240,0.011336,0.0,0.0016879999999999998,0.0,0.20230099999999998,1.0897000000000001
241,0.0067185000000000005,0.003149,0.001299,0.0,0.26316799999999996,0.8802
242,0.0052320000000000005,0.0,0.001566,0.0,0.189631,1.1313
243,0.009592000000000002,0.0031920000000000004,0.0,0.0,0.260177,1.09
244,0.009592,0.0,0.001594,0.0,0.261773,1.0686
245,0.009592,0.0009279999999999999,0.0,0.0,0.19253099999999998,0.8802
246,0.0052320000000000005,0.0005970000000000001,0.0013219999999999998,0.0,0.20121699999999998,0.9848
247,0.0026160000000000003,0.0,0.0,0.0,0.20224699999999998,0.5869000000000001
248,0.006976,0.000176,0.0017719999999999997,0.0,0.21916599999999997,0.7964
249,0.0026160000000000003,0.002278,0.0,0.0,0.16319499999999998,1.2154
250,0.00436,0.0,0.0044139999999999995,0.0,0.22525499999999998,1.0059
251,0.0109,0.000398,0.0,0.0,0.189586,0.8383
252,0.00872,0.0,0.0013219999999999998,0.0,0.21768099999999996,0.8802
253,0.009592,0.0006464999999999999,0.000132,0.0,0.210051,1.0056
254,0.006104000000000001,0.0,0.001594,0.0,0.19696599999999997,0.5238999999999999
255,0.004796,0.005928,0.0,0.0,0.23717699999999997,0.901
256,0.0026160000000000003,0.003062,0.0021379999999999997,0.0,0.24636599999999997,0.9218
257,0.00872,0.0,0.0,0.0,0.25205999999999995,0.838
258,0.0052320000000000005,0.0,0.0017719999999999997,0.0,0.2754459999999999,0.8802
259,0.006540000000000001,0.001344,0.0,0.0,0.160026,0.9221
260,0.007412,0.0,0.0018659999999999998,0.0,0.22960299999999997,1.0894
261,0.005668,0.001156,0.0016200000000000001,0.0,0.216657,0.7542
262,0.007412,0.0,0.002486,0.0,0.20065399999999997,0.7123
263,0.008284,0.000561,0.0,0.0,0.26899599999999996,1.2154
264,0.007848,0.0,0.0019219999999999999,0.0,0.16556699999999996,1.0056
265,0.006540000000000001,8.400000000000001e-05,0.0,0.0,0.25662,0.7961
266,0.008284,0.0011599999999999998,0.0019879999999999997,0.0,0.185587,0.9637
267,0.006104,0.0,0.0,0.0,0.261837,0.9221
268,0.010028,0.000918,0.0016879999999999998,0.0,0.173053,1.1313
269,0.0026160000000000003,0.0,0.0020375,0.0,0.24797999999999998,1.0475
270,0.003924,0.000612,0.001754,0.0,0.19351199999999996,0.7961
271,0.0052320000000000005,0.000956,0.0,0.0,0.171481,0.8172
272,0.011336,0.0,0.0020159999999999996,0.0,0.219743,0.8802
273,0.010028,0.006971999999999999,0.000995,0.0,0.235125,0.8591000000000001
274,0.0067185000000000005,0.000816,0.0019879999999999997,0.0,0.18024399999999996,0.9221
275,0.00436,0.0087125,0.0,0.0,0.23864899999999997,0.9218
276,0.001744,0.0013919999999999998,0.0018379999999999998,0.0,0.23838299999999996,0.8172
277,0.006104,0.0015084999999999999,0.000398,0.0,0.246417,0.8591
278,0.010028,0.001088,0.001594,0.0,0.210748,0.9218
279,0.006976,0.000816,0.0,0.0,0.256874,0.7334
280,0.006540000000000001,0.0009279999999999999,0.0018659999999999998,0.0,0.24341199999999996,0.7334
281,0.0026160000000000003,0.0,0.0,0.0,0.18981199999999998,0.8172
282,0.010464000000000001,0.00015199999999999998,0.002288,0.0,0.264254,0.7334
283,0.00218,0.002918,0.0,0.0,0.25479999999999997,1.2154
284,0.0109,0.0,0.001444,0.0,0.22896899999999998,0.8799000000000001
285,0.006976,0.0,0.0,0.0,0.180776,1.0686
286,0.006976,0.0,0.002641,0.0,0.228201,0.8591
287,0.00872,0.0,0.0,0.0,0.26845399999999997,1.1732
288,0.011336,0.0,0.002154,0.0,0.251925,0.7961
289,0.010464000000000001,0.002345,0.0030559999999999997,0.0,0.20832599999999998,0.8801999999999999
290,0.004796,0.0,0.002288,0.0,0.199264,0.8591
291,0.0052320000000000005,0.000408,0.0,0.0,0.213245,1.1313
292,0.011772000000000001,0.0021839999999999997,0.002166,0.0,0.266244,0.7542
293,0.007412,0.0,0.0,0.0,0.27395899999999995,1.1735
294,0.00218,0.000456,0.0022519999999999997,0.0,0.241416,0.8172
295,0.003488,0.0,0.0,0.0,0.23364799999999997,1.1943
296,0.007412,0.000612,0.0016219999999999997,0.0,0.23534899999999997,1.0894
297,0.007412,0.0070810000000000005,0.0,0.0,0.20727199999999998,1.1732
298,0.00218,0.012744,0.0018939999999999999,0.0,0.21221199999999998,1.1943
299,0.004796,0.0,0.0034209999999999996,0.0,0.24101699999999995,0.8591
300,0.011772000000000001,0.000668,0.0014719999999999998,0.0,0.185137,0.964
301,0.00872,0.0011715,0.003464,0.0,0.200091,0.8802000000000001
302,0.008284,0.0,0.0018379999999999998,0.0,0.205083,0.7964
303,0.012644,0.0,0.00019800000000000002,0.0,0.23239299999999996,1.0686
304,0.0109,0.00043099999999999996,0.0018939999999999999,0.0,0.23335999999999998,0.7756000000000001
305,0.0052320000000000005,0.0,0.0,0.0,0.266223,0.7123
306,0.010028,0.0,0.002288,0.0,0.24250599999999997,0.7964
307,0.009592,0.004602,0.0,0.0,0.22269099999999997,1.0478
308,0.005331000000000001,0.000544,0.0017719999999999997,0.0,0.23868499999999998,1.0267
309,0.005668,0.000408,0.0,0.0,0.218241,0.7542
310,0.003924,0.011856,0.002264,0.0,0.20796199999999998,1.0056
311,0.009156000000000001,0.005108,0.0,0.0,0.23632699999999995,1.1732
312,0.005775000000000001,0.0,0.0019219999999999999,0.0,0.208341,0.7334
313,0.006540000000000001,0.0,9.900000000000001e-05,0.0,0.24696199999999996,1.1732
314,0.00872,0.0018700000000000001,0.0020159999999999996,0.0,0.184145,1.027
315,0.00218,0.000136,0.0,0.0,0.24802799999999997,1.0475
316,0.007848,0.000459,0.0020159999999999996,0.0,0.2578539999999999,0.8383
317,0.0013080000000000001,0.0,0.0,0.0,0.17749399999999999,0.7964
318,0.003924,0.0,0.0021379999999999997,0.0,0.21501699999999999,0.9218
319,0.006976,0.0,0.0,0.0,0.173893,0.7542
320,0.00872,0.0,0.0018939999999999999,0.0,0.177618,1.1313
321,0.0052320000000000005,0.00021999999999999998,9.900000000000001e-05,0.0,0.22324199999999997,1.0686
322,0.006540000000000001,0.0,0.007462,0.000118,0.19958599999999999,1.1523999999999999
323,0.008284,0.0,0.0,0.0,0.19069999999999998,1.0475
324,0.006104,0.0,0.0019879999999999997,0.0,0.197023,0.7123
325,0.007412,0.007176,0.0,0.0,0.266804,0.7334
326,0.013080000000000001,0.00014,0.0020159999999999996,0.0,0.20157799999999998,0.7123
327,0.006104000000000001,0.00017199999999999998,0.0,0.0,0.195123,0.7961
328,0.0030520000000000005,0.00013199999999999998,0.0014719999999999998,0.0,0.267544,0.838
329,0.14525199999999996,0.0,0.0,0.0,0.20342099999999996,1.0686
330,0.006976,0.002229,0.0017439999999999999,0.0,0.255061,0.7753
331,0.008605,0.000204,0.0,0.0,0.162051,0.8383
332,0.009592,6e-05,0.001566,0.0,0.18026399999999998,0.9221
333,0.005668,0.002608,0.0,0.0,0.181339,0.8172
334,0.010464000000000001,0.0007385,0.0017159999999999999,0.0,0.215156,0.8799
335,0.004796,0.003427,0.0,0.0,0.227093,1.1316
336,0.0026160000000000003,0.012576,0.0017719999999999997,0.0,0.219358,1.0475
337,0.010028,0.0,0.0,0.0,0.241441,0.8591
338,0.00872,0.000156,0.0019879999999999997,0.0,0.24585399999999996,0.9848
339,0.005668,0.0,0.0,0.0,0.168124,0.4611999999999999
340,0.012644,0.0,0.0016879999999999998,0.0,0.19510499999999997,1.0056
341,0.0093345,0.0,0.0,0.0,0.259063,1.0897000000000001
342,0.006976,0.001596,0.00197,0.0,0.23862799999999998,1.0478
343,0.010028,0.0,0.00019800000000000002,0.000124,0.20893999999999996,1.0897000000000001
344,0.009592000000000002,0.0022,0.0029819999999999994,0.0,0.251909,1.0897000000000001
345,0.008284,0.011843999999999999,0.0,0.0,0.23415099999999997,0.8383
346,0.007848,0.00051,0.0018939999999999999,0.000126,0.207612,0.901
347,0.0052320000000000005,0.000612,0.0,0.0,0.166425,1.1104999999999998
348,0.009592000000000002,0.001925,0.001594,0.0,0.17203199999999996,1.0897000000000001
349,0.00218,0.002805,0.0011459999999999999,0.0,0.172529,0.5239000000000001
350,0.003924,0.00023799999999999998,0.001444,0.0,0.22083499999999998,1.1732
351,0.0052320000000000005,0.0,0.0,0.0,0.19405399999999998,0.7123
352,0.0026160000000000003,0.005993999999999999,0.0016219999999999997,0.0,0.21329599999999996,0.8591
353,0.007848,0.000816,0.0,0.0,0.164285,1.0478
354,0.007848,0.0,0.0021379999999999997,0.0,0.268933,0.8591
355,0.15903199999999998,0.0035,0.0,0.0,0.285015,1.0059
356,0.007848,0.002546,0.002166,0.0,0.26740200000000003,0.7542
357,0.013080000000000001,0.0,0.0,0.0,0.254619,0.838
358,0.003052,0.006925999999999999,0.0024519999999999998,0.0,0.17473599999999997,0.964
359,0.0026160000000000003,0.0057599999999999995,0.0,0.0,0.17946999999999996,0.7753
360,0.006540000000000001,0.013559,0.0025459999999999997,0.0,0.21333899999999997,0.9637
361,0.004796,0.007837,0.0,0.0,0.18556899999999998,0.8172
362,0.007412,0.0,0.0017159999999999999,0.0,0.21166799999999997,1.0475
363,0.009592,0.000204,0.0,0.0,0.223772,0.8172
364,0.005668,0.011231999999999999,0.002044,0.0,0.21518099999999998,1.0056
365,0.001744,0.0025329999999999997,0.0,0.0,0.21703599999999998,1.0478
366,0.00218,0.000408,0.002288,0.0,0.20635499999999998,0.964
367,0.00436,0.0056159999999999995,0.0,0.0,0.25956599999999996,1.0056
368,0.00436,0.014159999999999999,0.0019879999999999997,0.0,0.209979,0.9218
369,0.0052320000000000005,0.000442,0.0,0.0,0.186304,0.7753
370,0.22823599999999997,0.0033420000000000004,0.003039,0.0,0.162929,0.964
371,0.012644,0.0,0.000398,0.0,0.244162,1.1316
372,0.00436,0.0,0.0013269999999999998,0.0,0.225431,0.9429
373,0.008284,0.0,0.0,0.0,0.25190599999999996,0.9848
374,0.006540000000000001,0.0,0.0018659999999999998,0.0,0.259086,1.0478
375,0.0109,0.004368,0.0,0.0,0.195285,0.8591
376,0.0030520000000000005,0.0,0.0013219999999999998,0.0,0.21663299999999996,0.8386
377,0.00436,0.002694,0.0,0.0,0.25853899999999996,1.0478
378,0.003052,0.0006959999999999999,0.0018379999999999998,0.0,0.22322199999999998,1.0689
379,0.010464000000000001,0.0,0.0,0.0,0.23477099999999998,0.7961
380,0.00436,0.000204,0.001566,0.0,0.176952,0.9429
381,0.009592000000000002,0.0,0.0,0.0,0.252472,1.2154
382,0.010028,0.000136,0.0030039999999999997,0.0,0.24919099999999997,1.0686
383,0.00872,0.00936,0.0,0.0,0.20668199999999998,1.0267
384,0.006540000000000001,0.001344,0.0016219999999999997,0.0,0.269517,0.9637
385,0.010028,0.0018559999999999998,0.0,0.0,0.17412599999999998,1.1104999999999998
386,0.008284,0.0,0.002166,0.0,0.267352,0.7753
387,0.006976,2.4e-05,0.0,0.0,0.187991,1.0686
388,0.00872,0.0009279999999999999,0.0016219999999999997,0.0,0.18358499999999997,1.2154
389,0.003924,0.000408,0.000612,0.0,0.22691999999999996,0.8172
390,0.009592,0.013451999999999999,0.002044,0.0,0.17310699999999998,0.9010000000000001
391,0.008284000000000001,0.003173,0.0,0.0,0.180806,0.9218
392,0.009156000000000001,0.003948,0.001566,0.0,0.15875699999999998,0.7753
393,0.0111695,0.0,0.0,0.0,0.235948,0.7961
394,0.009156000000000001,0.0015539999999999998,0.0019219999999999999,0.0,0.17194199999999998,1.0478
395,0.0030520000000000005,0.0,0.0,0.0,0.274201,1.1104999999999998
396,0.00436,0.009984,0.0020159999999999996,0.0,0.20563399999999998,1.0059
397,0.011772000000000001,0.0,0.0,0.0,0.23068299999999997,1.2154
398,0.006976,0.0,0.001444,0.0,0.20900199999999997,0.8172
399,0.008284,0.001592,0.0,0.0,0.24029299999999998,0.6496000000000001
400,0.006104000000000001,0.0,0.0019219999999999999,0.0,0.176635,1.1313
401,0.11202399999999998,0.012303999999999999,0.0,0.0,0.183177,1.0475
402,0.008284,0.0,0.001964,0.0,0.186695,1.0686
403,0.010464000000000001,6e-05,0.0,0.0,0.254326,1.0267
404,0.005668,0.006744,0.0019039999999999999,0.0,0.259719,0.7126
405,0.009361999999999999,0.0,0.0,0.0,0.172529,0.7753
406,0.006976,0.00046399999999999995,0.003094,0.0,0.269729,1.2154
407,0.003488,9.6e-05,0.0,0.0,0.20625799999999997,0.901
408,0.00218,0.001937,0.0014719999999999998,0.0,0.20121399999999998,1.1104999999999998
409,0.004796,0.0007409999999999999,0.0013930000000000001,0.0,0.21442299999999997,0.7545
410,0.007412,0.0027500000000000003,0.0014719999999999998,0.0,0.279631,0.9848
411,0.0052320000000000005,0.0,0.0,0.0,0.259614,0.7542
412,0.013080000000000001,0.0,0.004464,0.0,0.24199099999999998,0.7334
413,0.006976,0.0,0.0,0.0,0.197378,0.8383
414,0.003924,0.0014810000000000001,0.0018379999999999998,0.0,0.22874899999999998,1.1316
415,0.001744,0.005810999999999999,0.0,0.0,0.242634,1.2365
416,0.0109,3.6e-05,0.0029620000000000002,0.0,0.252754,0.6707000000000001
417,0.009592,0.0009119999999999998,0.0,0.0,0.25906599999999996,1.0894
418,0.0026160000000000003,0.008876,0.0014719999999999998,0.0,0.23351799999999998,1.0478
419,0.00436,0.000255,0.0,0.0,0.23249599999999998,0.8591
420,0.0026160000000000003,0.000398,0.0016879999999999998,0.0,0.172559,0.545
421,0.007412,0.010374000000000001,0.0,0.0,0.27347,1.2365
422,0.0109,0.0021839999999999997,0.00196,0.0,0.18020999999999998,0.8383
423,0.007254,0.01062,0.0,0.0,0.174811,0.8172
424,0.011336,2.4e-05,0.0016879999999999998,0.0,0.26093099999999997,0.7123
425,0.009592,0.00268,0.00051,0.0,0.19523799999999997,0.9429
426,0.007848,0.0032779999999999997,0.002288,0.0,0.22058099999999997,0.9218
427,0.006540000000000001,0.0,0.0011459999999999999,0.0,0.225958,0.9221
428,0.00218,0.0,0.0018659999999999998,0.0,0.218825,0.8172
429,0.005668,0.000612,0.0,0.0,0.23036299999999998,0.9221
430,0.006540000000000001,3.6e-05,0.003379,0.0,0.18078999999999998,0.7545000000000001
431,0.010028,0.003744,0.003464,0.0,0.18525599999999998,1.1523999999999999
432,0.004796,0.0,0.0017159999999999999,0.0,0.17103899999999997,0.901
433,0.0026160000000000003,0.0013359999999999997,0.0,0.0,0.22044999999999998,0.8172
434,0.0109,0.0,0.0022359999999999997,0.0,0.16822,1.2154
435,0.006976,0.01158,0.0,0.0,0.180301,1.2154
436,0.006104,0.000629,0.002865,0.0,0.170104,0.48200000000000004
437,0.00872,0.000306,0.0,0.0,0.182444,0.7961
438,0.004903,0.00051,0.0014719999999999998,0.0,0.159102,0.9848
439,0.009592,0.0,0.0,0.0,0.227103,0.7964
440,0.006540000000000001,0.000323,0.0018939999999999999,0.0,0.266423,1.1316
441,0.005668,0.0,0.0,0.0,0.199293,1.1735
442,0.0109,0.000408,0.0017439999999999999,0.0,0.23977199999999999,1.0478
443,0.0109,0.002278,0.0030559999999999997,0.0,0.204875,0.7126
444,0.006540000000000001,0.0,0.001444,0.0,0.184073,0.7542
445,0.008284,0.0,0.0,0.0,0.20947599999999997,1.0897000000000001
446,0.010119,0.0,0.0020159999999999996,0.0,0.22159799999999996,0.7542
447,0.009592000000000002,0.0,0.0,0.0,0.17470299999999997,1.0056
448,0.0030520000000000005,0.0,0.002166,0.0,0.22486799999999998,0.8802000000000001
449,0.004796,0.01248,0.0,0.0,0.262887,1.0894
450,0.0109,0.013319999999999999,0.0029179999999999996,0.0,0.21495899999999998,0.8383
451,0.0109,0.00199,0.0,0.0,0.18902599999999997,1.0478
452,0.004796000000000001,0.000398,0.002463,0.0,0.242006,0.7961
453,0.010464000000000001,0.0013919999999999998,0.0,0.0,0.20665799999999998,0.9221
454,0.00872,0.0018559999999999998,0.0017159999999999999,0.0,0.26237499999999997,0.8799
455,0.00218,0.001336,0.0,0.0,0.24979699999999996,0.8802000000000001
456,0.011336,0.002585,0.0019219999999999999,0.0,0.25131,0.8172
457,0.00436,0.0,0.0,0.0,0.165357,0.8380000000000001
458,0.00872,0.0,0.002519,0.0,0.23754399999999998,1.0475
459,0.005668,0.0,0.0,0.0,0.21716,0.7753
460,0.0026160000000000003,0.000144,0.0018099999999999998,0.0,0.257988,1.0059
461,0.011336,0.002278,0.0,0.0,0.169747,1.1943
462,0.010464000000000001,0.00264,0.0044480000000000006,0.0,0.177473,0.838
463,0.0109,0.0049949999999999994,0.000132,0.000122,0.234703,0.7542
464,0.005668,0.000184,0.0018379999999999998,0.0,0.16978,1.0478
465,0.007412,0.0,0.0,0.0,0.254643,1.1523999999999999
466,0.0052320000000000005,0.0,0.0017719999999999997,0.0,0.20615199999999997,0.5658
467,0.009592,0.003082,0.0,0.0,0.235343,0.5239
468,0.006976,0.0,0.0018809999999999999,0.0,0.16762099999999996,0.9218
469,0.0026160000000000003,0.0,0.0,0.0,0.18181699999999998,0.9848
470,0.007412,0.0006959999999999999,0.0019879999999999997,0.0,0.22994799999999996,1.0894
471,0.003924,0.0,0.0,0.0,0.18189899999999998,0.419
472,0.003488,0.007176,0.0017719999999999997,0.0,0.27562,1.1313
473,0.006104000000000001,0.0,0.0,0.0,0.24956499999999998,1.0059
474,0.010464000000000001,0.0,0.001994,0.0,0.246212,1.1104999999999998
475,0.004796,0.0,0.0,0.0,0.179695,0.9218
476,0.006976,0.0035070000000000006,0.001566,0.0,0.169417,0.7964
477,0.006976,0.000714,0.0,0.0,0.250602,0.9218
478,0.0111295,0.00309,0.001566,0.0,0.255775,1.0056
479,0.003488,0.003044,0.0,0.0,0.176919,0.9637
480,0.006976,0.0,0.002322,0.0,0.19624899999999998,0.5869
481,0.010464000000000001,0.0,0.0,0.0,0.265173,0.7961
482,0.013080000000000001,0.0018619999999999997,0.0016219999999999997,0.0,0.184719,1.1313
483,0.007412,0.000334,0.0,0.0,0.24915099999999998,1.0686
484,0.008284,0.003484,0.0020159999999999996,0.0,0.24702699999999997,1.0894
485,0.007412,0.0,0.000398,0.0,0.22216099999999997,1.0897000000000001
486,0.003924,0.0,0.002214,0.0,0.184705,1.1313
487,0.010028,0.0,0.0005970000000000001,0.0,0.165233,0.8383
488,0.006104,0.002365,0.0018659999999999998,0.0,0.17050099999999999,1.2154
489,0.006540000000000001,0.0,0.0,0.0,0.201229,0.7542
490,0.00872,0.000408,0.0017439999999999999,0.0,0.18953299999999998,0.4609
491,0.007848,0.0,0.0,0.000124,0.18517499999999998,0.8383
492,0.006104000000000001,0.0,0.0020859999999999997,0.0,0.233148,1.1943
493,0.011772000000000001,0.00335,0.0,0.0,0.222658,1.0475
494,0.005668,0.005108,0.0028519999999999995,0.0,0.23978399999999997,0.8172
495,0.010464000000000001,4.8e-05,0.0,0.0,0.242482,1.1943
496,0.007412,0.013451999999999999,0.00236,0.0,0.273678,1.1732
497,0.004796,0.004605000000000001,0.0,0.0,0.176431,1.0056
498,0.0052320000000000005,0.0,0.002044,0.0,0.22871,0.7334
499,0.0026160000000000003,0.0018479999999999998,0.0,0.0,0.267902,0.6915
500,0.003488,0.000995,0.0036359999999999995,0.0,0.23263299999999998,0.8590999999999999
501,0.006104,2.4e-05,0.0,0.0,0.18525599999999998,1.2154
502,0.010028,0.000176,0.002044,0.0,0.275812,1.1735
503,0.006104,0.0,0.0,0.0,0.17859599999999998,0.9429
504,0.0052320000000000005,0.0013919999999999998,0.0016219999999999997,0.0,0.183597,0.7545000000000001
505,0.00436,0.000527,0.0,0.0,0.179126,1.0894
506,0.004796,0.0,0.0017719999999999997,0.000126,0.241737,0.7334
507,0.010464000000000001,0.009672,0.0,0.0,0.22153499999999998,0.9429
508,0.010028,0.00045,0.0016219999999999997,0.0,0.24963599999999997,0.7964
509,0.007412,0.000714,0.0,0.0,0.21365099999999998,0.7964
510,0.009592,0.000408,0.00196,0.0,0.23368999999999998,1.0475
511,0.00436,0.0,0.000306,0.0,0.17704999999999996,0.9221
512,0.007412,0.00253,0.002166,0.0,0.24696199999999996,0.7964
513,0.011772000000000001,0.0,0.0,0.0,0.18522299999999997,0.9221
514,0.006976,0.0,0.001594,0.0,0.22869799999999996,0.7123
515,0.009156000000000001,0.006036,0.0,0.0,0.23531599999999997,0.7123
516,0.006540000000000001,0.0035399999999999997,0.001444,0.0,0.238423,1.0686
517,0.007848,0.000816,0.0,0.0,0.24289999999999998,1.1316
518,0.0109,0.000714,0.002166,0.0,0.22766799999999998,1.0894
519,0.00436,0.000357,0.0011940000000000002,0.0,0.229881,0.8591
520,0.008284,0.000408,0.0014719999999999998,0.0,0.27062200000000003,0.8380000000000001
521,0.0052320000000000005,0.00051,0.0,0.0,0.20720899999999998,1.1523999999999999
522,0.003924,0.002695,0.0023859999999999997,0.0,0.22031499999999998,1.0056
523,0.013080000000000001,0.00298,0.0,0.0,0.252409,0.7964
524,0.00872,0.000816,0.002166,0.0,0.24767799999999998,0.838
525,0.006976,0.0,0.0,0.0,0.16666199999999998,0.964
526,0.011336,0.000184,0.004303,0.0,0.20831099999999997,0.7964
527,0.009592,0.000646,9.900000000000001e-05,0.0,0.157634,1.2154
528,0.0052320000000000005,0.0037479999999999996,0.0016879999999999998,0.0,0.235479,1.0267
529,0.011772000000000001,0.0,0.0,0.0,0.24986899999999998,1.0897000000000001
530,0.011336,0.0,0.001594,0.0,0.18074999999999997,0.8383
531,0.003924,0.0,0.0,0.0,0.21111999999999997,1.2154
532,0.010464000000000001,0.0,0.0017719999999999997,0.0,0.27043799999999996,0.8799
533,0.00654,0.0,0.0008299999999999999,0.0,0.27600199999999997,0.7961
534,0.009156000000000001,0.0,0.0014719999999999998,0.0,0.227063,1.0059
535,0.006540000000000001,0.0,0.0,0.0,0.24253899999999998,0.838
536,0.004796000000000001,2.4e-05,0.0021379999999999997,0.0,0.27832999999999997,1.1313
537,0.003052,0.0,0.0,0.0,0.20227699999999998,0.9218
538,0.00436,0.0,0.0018859999999999999,0.0,0.165391,0.7545000000000001
539,0.003924,0.0,0.0,0.0,0.20236500000000002,0.9218
540,0.003052,0.0018700000000000001,0.002166,0.0,0.226518,0.838
541,0.009156000000000001,0.000164,0.0,0.0,0.23317199999999996,0.9429
542,0.003488,0.0,0.002176,0.0,0.193455,1.0478
543,0.008284,0.0009279999999999999,0.001299,0.0,0.250747,1.0056
544,0.00872,0.0,0.0013219999999999998,0.0,0.252969,0.7545000000000001
545,0.006976,0.009672,0.0005809999999999999,0.0,0.16431799999999996,0.8802
546,0.010028,0.0,0.004445999999999999,0.0,0.17366699999999996,0.7123
547,0.0050019999999999995,0.00021999999999999998,0.000796,0.0,0.18906799999999999,0.9221
548,0.010464000000000001,0.0011940000000000002,0.002568,0.0,0.23746099999999998,0.7334
549,0.0025009999999999998,0.006129,0.0,0.0,0.19016999999999998,1.0478
550,0.0048980000000000004,0.00253,0.0021379999999999997,0.0,0.16249499999999997,0.838
551,0.010119,0.003289,0.0,0.0,0.191796,0.8802
552,0.006540000000000001,0.0018559999999999998,0.0018379999999999998,0.0,0.26652299999999995,0.9429
553,0.00436,0.0,0.0,0.0,0.24145499999999998,1.0897000000000001
554,0.00654,0.0,0.0014719999999999998,0.0,0.22231399999999998,0.838
555,0.006540000000000001,0.0013919999999999998,0.0,0.0,0.185356,1.0056
556,0.005668,0.00436,0.0016219999999999997,0.0,0.20437799999999995,0.7334
557,0.003924,0.0008359999999999999,0.0,0.0,0.20962999999999998,0.8172
558,0.00872,0.0,0.0017439999999999999,0.0,0.17028899999999997,0.7961
559,0.007412,0.012744,0.0,0.0,0.213899,0.8798999999999999
560,0.012208,0.0,0.0016879999999999998,0.0,0.18575899999999998,0.7753
561,0.008284000000000001,0.0016239999999999998,0.0,0.0,0.24197899999999997,1.0056
562,0.009156000000000001,0.0015045000000000002,0.001594,0.0,0.17552299999999998,1.1945999999999999
563,0.0109,0.0,0.001732,0.0,0.17579899999999998,1.0059
564,0.00436,0.01062,0.0034879999999999998,0.0,0.156556,0.7545000000000001
565,0.003052,0.0011599999999999998,0.0,0.0,0.203921,0.9429
566,0.005668,0.001932,0.0021379999999999997,0.0,0.24198799999999998,0.7333999999999999
567,0.005668,0.014136,0.0,0.0,0.16095199999999998,0.4401
568,0.00436,0.000528,0.003253,0.0,0.16207799999999997,1.0897000000000001
569,0.0030520000000000005,0.00023799999999999998,0.0,0.0,0.268451,0.7123
570,0.007848,0.0005009999999999999,0.001566,0.0,0.21794799999999998,0.7545000000000001
571,0.003488,0.0,0.000306,0.0,0.171963,1.0478
572,0.009156000000000001,0.0,0.002166,0.0,0.24920099999999998,0.7123
573,0.010028,0.0,0.0,0.0,0.257961,0.7545000000000001
574,0.0109,0.00017999999999999998,0.001566,0.0,0.237601,1.1316
575,0.003924,0.0006959999999999999,0.0011940000000000002,0.0,0.225013,1.1735
576,0.11869599999999998,0.0035510000000000003,0.001444,0.0,0.261812,0.9847999999999999
577,0.005283,0.0,0.0,0.0,0.266798,1.0059
578,0.00872,0.0046,0.0017159999999999999,0.0,0.187487,0.7542
579,0.009156000000000001,0.0,0.0,0.0,0.21612299999999998,0.8383
580,0.011336,0.0,0.0036379999999999997,0.0,0.219891,1.1943
581,0.007848,0.00051,0.0,0.0,0.22500399999999998,0.7542
582,0.008276,0.004873,0.003593,0.0,0.23424499999999995,0.5027999999999999
583,0.010464000000000001,0.0,0.0,0.0,0.264909,1.1735
584,0.007412,0.0,0.0018379999999999998,0.0,0.17616399999999996,1.1104999999999998
585,0.004796,0.000578,0.0,0.0,0.18599299999999996,0.7542
586,0.011772000000000001,0.000646,0.0019879999999999997,0.0,0.16485699999999998,1.0894
587,0.008284,0.0018559999999999998,0.0,0.0,0.21202,1.1313
588,0.007412,0.0,0.001566,0.0,0.25022599999999995,1.1319
589,0.010464000000000001,0.0024200000000000003,0.0,0.0,0.16263,1.1104999999999998
590,0.009156000000000001,0.0,0.002288,0.0,0.21026399999999995,1.1104999999999998
591,0.011772000000000001,0.0,0.0,0.0,0.22541899999999998,1.1313
592,0.005668,0.0,0.0031609999999999997,0.0,0.21786899999999995,0.9218
593,0.00872,0.0,0.0,0.0,0.252304,1.1523999999999999
594,0.005668,0.0135445,0.002044,0.0,0.167594,0.9218
595,0.0026160000000000003,0.0,0.0,0.0,0.233835,0.8798999999999999
596,0.006540000000000001,0.008213999999999999,0.002166,0.0,0.198085,0.8799
597,0.010464000000000001,0.0,0.0,0.0,0.22821899999999998,0.6704000000000001
598,0.007412,0.00296,0.0017159999999999999,0.0,0.186529,1.0475
599,0.009156000000000001,0.0,0.0,0.0,0.26344699999999993,0.5447
600,0.005216,0.0,0.0017159999999999999,0.0,0.19291,0.964
601,0.011336,0.0041719999999999995,0.0,0.0,0.270074,1.0689
602,0.0013080000000000001,0.0,0.002494,0.0,0.207275,0.9848
603,0.008284,0.0,0.0,0.0,0.18799,1.1316
604,0.003488,0.0,0.0016879999999999998,0.0,0.22217299999999995,1.1313
605,0.009592,0.000398,0.000594,0.0,0.19371,1.0475
606,0.23128799999999997,0.0,0.0018659999999999998,0.0,0.21070599999999998,0.7126
607,0.006540000000000001,0.0011599999999999998,0.0,0.0,0.19426299999999996,1.1523999999999999
608,0.008284000000000001,0.000204,0.0018579999999999998,0.0,0.163716,1.1523999999999999
609,0.012644,0.0010170000000000001,0.0,0.0,0.24252999999999997,1.0475
610,0.007848,0.005065999999999999,0.0017159999999999999,0.0,0.21261299999999997,1.0056
611,0.010464000000000001,0.0,0.0,0.0,0.181413,1.2154
612,0.00436,0.0,0.0019219999999999999,0.0,0.17307599999999998,0.7334
613,0.010028,0.003894,0.0,0.0,0.20837099999999997,0.7753
614,0.004796,0.0,0.0014719999999999998,0.0,0.196758,0.8799
615,0.0052320000000000005,0.0,0.0,0.0,0.21132899999999996,0.7545000000000001
616,0.00436,0.0018059999999999999,0.0016879999999999998,0.0,0.207233,1.0475
617,0.009156000000000001,0.0,0.0,0.0,0.24721199999999996,1.0897000000000001
618,0.004796000000000001,0.0009279999999999999,0.0013219999999999998,0.0,0.206113,1.0894
619,0.00872,0.011602,0.0,0.0,0.18248299999999998,1.0267
620,0.006976,0.0056159999999999995,0.0013219999999999998,0.0,0.24200899999999997,0.5449999999999999
621,0.010028,0.0009279999999999999,0.0,0.000128,0.20083,0.7960999999999999
622,0.005668,0.0,0.0016879999999999998,0.0,0.21553399999999998,0.964
623,0.004796,0.003874,0.0,0.0,0.254104,0.8799
624,0.0030520000000000005,0.0,0.0018939999999999999,0.0,0.196788,1.0062
625,0.003052,0.0,9.900000000000001e-05,0.0,0.19073299999999999,1.1732
626,0.005668,0.000306,0.0017439999999999999,0.0,0.26561599999999996,1.0686
627,0.00654,0.0,0.0011940000000000002,0.0,0.20130399999999998,0.901
628,0.001744,0.0,0.0019219999999999999,0.0,0.20555899999999996,0.7753
629,0.011336,0.00119,0.0,0.0,0.18414199999999997,0.8802
630,0.011772000000000001,0.0041919999999999995,0.0018939999999999999,0.000126,0.198768,1.1104999999999998
631,0.010464000000000001,0.00046399999999999995,0.0021650000000000003,0.0,0.23498,0.7753
632,0.003052,0.000306,0.0018379999999999998,0.0,0.20123199999999997,1.1104999999999998
633,0.007848,0.000216,0.0026719999999999995,0.0,0.191239,1.1316
634,0.006104,0.0009279999999999999,0.0018659999999999998,0.0,0.21223399999999995,1.1732
635,0.0109,0.000578,0.000796,0.0,0.17753399999999997,0.8172
636,0.009156000000000001,0.000323,0.008744,0.0,0.24804899999999996,0.8802
637,0.006976,0.0,0.00023100000000000003,0.0,0.272891,0.9221
638,0.009592000000000002,0.0010775,0.002288,0.0,0.21829199999999999,0.7545000000000001
639,0.010464000000000001,0.0009279999999999999,0.003031,0.0,0.210524,1.0686
640,0.010464000000000001,0.00051,0.001594,0.0,0.16897099999999998,1.2154
641,0.006976,0.000544,0.0,0.0,0.18359099999999998,1.2154
642,0.004796,0.0,0.0015379999999999999,0.0,0.16096999999999997,0.7542
643,0.010028,0.0015199999999999999,0.0,0.0,0.190446,0.7753
644,0.0109,0.000668,0.0017439999999999999,0.0,0.265702,0.7334
645,0.006976,0.002591,0.0,0.0,0.215085,0.9221
646,0.003488,0.0,0.00228,0.0,0.19129899999999997,0.9848
647,0.00654,8.400000000000001e-05,0.0,0.0,0.165375,0.41930000000000006
648,0.238832,0.00046399999999999995,0.002044,0.0,0.20724199999999998,1.0475
649,0.0052320000000000005,0.002928,0.0,0.0,0.169534,1.0897000000000001
650,0.010464000000000001,0.0,0.0019879999999999997,0.0,0.24528499999999998,0.7545000000000001
651,0.013080000000000001,0.00046399999999999995,0.001592,0.0,0.25632299999999997,1.0059
652,0.007848,0.000612,0.001566,0.0,0.26276299999999997,1.0267
653,0.012208,0.0,0.0,0.0,0.240278,0.7123
654,0.006540000000000001,0.0,0.00197,0.0,0.272838,1.1104999999999998
655,0.003488,0.0011599999999999998,0.0,0.0,0.18634599999999998,0.8799
656,0.009592,0.0,0.0018479999999999998,0.0,0.281281,1.0475
657,0.011772000000000001,0.000408,0.0,0.000124,0.25461599999999995,0.7123
658,0.007848,0.000255,0.003064,0.0,0.270089,0.8802
659,0.010464000000000001,0.0,0.0,0.0,0.1775,0.7545000000000001
660,0.00872,0.0,0.002166,0.0,0.15706799999999999,1.1735
661,0.012644,0.0028139999999999997,0.001299,0.0,0.21498899999999999,0.7542
662,0.006976,0.0,0.001594,0.0,0.28136099999999997,0.7961
663,0.006976,0.01027,0.0,0.0,0.15489699999999998,0.7753
664,0.010464000000000001,0.0013919999999999998,0.001594,0.0,0.21880999999999998,0.8799
665,0.007848,0.007632,0.000306,0.0,0.171475,0.8802
666,0.007412,0.0,0.0018659999999999998,0.0,0.262032,0.7542
667,0.012644,0.0,0.0,0.0,0.19626699999999997,0.8802
668,0.010464000000000001,0.000816,0.0017719999999999997,0.0,0.19514099999999998,0.9429
669,0.006976,0.0,0.0,0.0,0.229312,1.0267
670,0.005668,0.006763,0.0013219999999999998,0.0,0.20286699999999996,0.6285000000000001
671,0.0026160000000000003,0.001592,0.0,0.0,0.21661799999999998,1.1104999999999998
672,0.005668,0.0,0.0017439999999999999,0.0,0.19903099999999996,0.48200000000000004
673,0.005668,0.001204,0.0,0.0,0.23482499999999998,1.1104999999999998
674,0.009592,0.011328,0.0033555,0.0,0.17974299999999999,0.7964
675,0.0052320000000000005,0.0,0.0,0.0,0.211695,0.8802
676,0.009592,0.00051,0.002288,0.0,0.16563699999999998,0.8591
677,0.006976,0.0,0.0,0.0,0.256293,1.1943
678,0.009156000000000001,0.000612,0.003796,0.0,0.22641099999999997,0.9221
679,0.006540000000000001,0.0,0.0,0.0,0.18684599999999998,1.1313
680,0.011336,0.0,0.0017159999999999999,0.0,0.16011499999999998,0.9848
681,0.006976,0.0,0.0,0.0,0.24427699999999997,0.901
682,0.006104,0.003176,0.002288,0.0,0.19040199999999996,0.8799
683,0.009156000000000001,0.0020039999999999997,0.0,0.0,0.19605799999999998,1.1735
684,0.006540000000000001,0.01469,0.0017719999999999997,0.0,0.17329499999999998,0.8591
685,0.006976,0.0013490000000000002,0.0,0.0,0.15045899999999998,0.964
686,0.005668,0.0,0.0021379999999999997,0.0,0.23703799999999997,0.8171999999999999
687,0.006104,0.0,0.0,0.0,0.15911199999999998,1.1313
688,0.009592,0.014171,0.0020159999999999996,0.0,0.21169899999999997,0.7542
689,0.0052320000000000005,0.00835,0.0,0.0,0.15653799999999998,0.5447000000000001
690,0.004796,0.0,0.0030879999999999996,0.0,0.23704999999999998,1.1735
691,0.006976,0.007352,0.0,0.0,0.258535,0.7964
692,0.009592,0.0019709999999999997,0.0016879999999999998,0.0,0.19296399999999997,1.1735
693,0.005668,0.0,0.0,0.0,0.204148,1.1943
694,0.010464000000000001,0.0003553333333333333,0.0020159999999999996,0.0,0.22432,1.0894
695,0.010028,0.0,0.0,0.0,0.221599,0.7961
696,0.012208,0.0,0.0024909999999999997,0.0,0.22545199999999999,0.9637
697,0.006104,0.0,0.001592,0.0,0.271742,1.2154
698,0.005668,0.0,0.0018199999999999998,0.0,0.15816699999999997,0.7753
699,0.003488,0.0028070000000000005,9.900000000000001e-05,0.000118,0.246573,0.8591
700,0.010464000000000001,0.00176,0.0017439999999999999,0.0,0.248573,1.1523999999999999
701,0.006540000000000001,0.0,0.004665,0.0,0.207805,1.1523999999999999
702,0.0026160000000000003,0.0,0.003731,0.0,0.193521,1.0056
703,0.006540000000000001,0.0,0.000812,0.0,0.260147,1.0475
704,0.006540000000000001,9.6e-05,0.003776,0.0,0.178012,0.7753
705,0.0052320000000000005,0.006784999999999999,0.0,0.0,0.26286899999999996,1.1943
706,0.004796,0.0,0.002044,0.0,0.197204,0.9218
707,0.007412,8.400000000000001e-05,0.0,0.0,0.20171999999999998,0.7126
708,0.012644,0.0,0.0019219999999999999,0.0,0.17579899999999996,1.2576
709,0.0109,2.4e-05,0.001944,0.0,0.19826699999999997,0.7961
710,0.012208,0.0013859999999999999,0.001594,0.0,0.26369,0.901
711,0.19443999999999997,0.003225,0.0,0.0,0.19952799999999998,0.9848
712,0.008276,0.000714,0.0014719999999999998,0.0,0.23207899999999998,0.6707
713,0.006104,0.0,6.6e-05,0.0,0.17629299999999998,0.5869000000000001
714,0.007412,0.000289,0.0014719999999999998,0.0,0.16921999999999998,0.7545000000000001
715,0.006976,0.0,0.0005970000000000001,0.0,0.20170799999999997,0.9221
716,0.24014,0.0018559999999999998,0.0018659999999999998,0.0,0.23921499999999998,0.7123
717,0.006976,0.0,0.0,0.0,0.235876,0.7542
718,0.008284,0.0,0.0028069999999999996,0.0,0.269538,0.8383
719,0.003488,0.008736,0.0,0.0,0.180179,0.7964
720,0.006540000000000001,0.003432,0.002288,0.0,0.254084,0.8799000000000001
721,0.006104,0.0,0.0,0.00011999999999999999,0.25399099999999997,0.6496000000000001
722,0.003488,0.000578,0.0018939999999999999,0.0,0.185716,0.9637
723,0.0052320000000000005,0.0009480000000000001,0.0,0.0,0.26428499999999994,0.8799
724,0.009156000000000001,0.002472,0.002672,0.0,0.18217299999999997,0.6077
725,0.003488,0.000527,0.0,0.0,0.160955,0.9637
726,0.0026160000000000003,0.003417,0.0016879999999999998,0.0,0.204149,0.7123
727,0.0052320000000000005,0.0,0.0,0.0,0.24448299999999998,0.6918
728,0.010464000000000001,0.0017239999999999998,0.0018939999999999999,0.0,0.20997,0.545
729,0.003924,0.001925,0.0,0.0,0.21988799999999997,0.7123
730,0.007848,0.000289,0.0036819999999999995,0.0,0.26175899999999996,1.1943
731,0.005668,0.0,0.0,0.0,0.20365499999999997,0.7961
732,0.009592,0.0,0.002031,0.0,0.23481299999999997,1.1523999999999999
733,0.009592,0.0,0.0,0.0,0.23368699999999998,0.9218
734,0.011336,0.0,0.00236,0.0,0.223485,0.7334
735,0.010028,0.011682,0.0,0.0,0.20665799999999998,1.1735
736,0.009592000000000002,0.002426,0.001594,0.0,0.22270899999999996,0.9218
737,0.009156000000000001,0.0,0.0,0.0,0.22380199999999997,0.8799
738,0.003924,0.0,0.002288,0.00011999999999999999,0.214384,0.9848
739,0.005668,0.0,0.0,0.0,0.24530599999999997,0.6077
740,0.007412,0.000714,0.005123999999999999,0.0,0.17530799999999996,0.9221
741,0.008284,0.000816,0.0,0.00011999999999999999,0.27101099999999995,0.8591
742,0.006104,0.0013490000000000002,0.001731,0.0,0.26486099999999996,0.7753
743,0.00436,0.0,0.0,0.0,0.246354,1.2154
744,0.19762399999999997,0.007788,0.0016879999999999998,0.0,0.23754699999999998,0.5658
745,0.0109,0.0037630000000000003,0.0,0.0,0.206125,0.8802000000000001
746,0.006104,0.0,0.0019379999999999998,0.0,0.233127,0.8799
747,0.252612,9.6e-05,0.000612,0.0,0.26771999999999996,1.1316
748,0.012208,0.0006959999999999999,0.0018939999999999999,0.0,0.24640199999999998,0.7334
749,0.0052320000000000005,0.010974,0.0,0.0,0.270071,1.2154
750,0.0026160000000000003,0.0,0.0016879999999999998,0.0,0.23504799999999998,0.7753
751,0.008284,0.0009279999999999999,0.0,0.0,0.207033,0.8799
752,0.005668,0.00051,0.0016219999999999997,0.0,0.261388,0.8802000000000001
753,0.00654,0.009984,0.0,0.0,0.246742,0.901
754,0.0013080000000000001,0.0,0.002044,0.0,0.178057,0.8383
755,0.009156000000000001,0.008496,0.0,0.0,0.185411,0.8591
756,0.003488,0.005206,0.0018379999999999998,0.0,0.227423,0.7334
757,0.010464000000000001,0.00046399999999999995,0.0,0.0,0.197342,1.0478
758,0.0052320000000000005,0.009557999999999999,0.001553,0.0,0.24033499999999997,1.0475
759,0.11956799999999998,0.000663,0.0,0.0,0.19622499999999998,0.7542
760,0.003924,8.400000000000001e-05,0.0014719999999999998,0.0,0.158736,1.0478
761,0.009592,9.6e-05,0.00051,0.0,0.18464799999999998,1.1313
762,0.004796,0.003936,0.0017719999999999997,0.0,0.250066,0.7753
763,0.006104,0.0,0.0013930000000000001,0.0,0.163612,1.0272999999999999
764,0.0022310000000000003,0.0,0.0017719999999999997,0.0,0.162079,0.901
765,0.003924,0.0032830000000000003,0.0,0.0,0.196828,0.545
766,0.15903199999999998,0.0056619999999999995,0.0019879999999999997,0.0,0.23916699999999996,0.838
767,0.006104000000000001,0.000216,0.0,0.0,0.23078599999999996,0.7334
768,0.009156000000000001,0.000612,0.0019219999999999999,0.0,0.277273,0.6704
769,0.0109,0.006659999999999999,0.0,0.0,0.20673299999999997,0.6915
770,0.20996399999999998,0.0,0.001594,0.0,0.274676,0.8175
771,0.013607000000000001,0.0009279999999999999,0.0,0.0,0.250813,0.9848
772,0.012208,0.00043400000000000003,0.0021379999999999997,0.0,0.260659,1.2154
773,0.007848,0.0,0.0,0.0,0.20672399999999996,0.9429
774,0.004796,0.000306,0.0018379999999999998,0.0,0.21387499999999995,1.0475
775,0.004796,0.000184,0.000796,0.0,0.21993,0.8802
776,0.009156000000000001,0.0,0.0020159999999999996,0.0,0.21883699999999998,0.7961
777,0.011336,0.00046399999999999995,0.0003375,0.0,0.187406,0.5869000000000001
778,0.006104,0.0027500000000000003,0.001594,0.0,0.213223,1.0478
779,0.007412,0.0,0.0011940000000000002,0.0,0.17262999999999998,1.1104999999999998
780,0.007848,0.002616,0.004433,0.0,0.17489899999999997,0.9221
781,0.00872,0.004368,0.0,0.0,0.23990799999999998,0.7123
782,0.0052320000000000005,0.000398,0.00319,0.0,0.17639799999999997,0.7334
783,0.00872,0.0,0.0,0.0,0.19126999999999997,0.964
784,0.006976,0.002384,0.002288,0.000118,0.24392799999999998,0.901
785,0.008284,0.00176,0.0,0.0,0.23411699999999996,1.1735
786,0.00436,0.0,0.001444,0.0,0.173111,0.8799
787,0.009592,0.0,0.0,0.0,0.189604,0.8802
788,0.006976,0.0050995,0.001444,0.0,0.281192,0.8802
789,0.003052,0.0,0.0,0.0,0.162066,0.964
790,0.010464000000000001,0.00244,0.002288,0.0,0.20007999999999998,0.8591
791,0.007848,0.0,0.0,0.0,0.186409,0.8802
792,0.008284,0.00048799999999999994,0.001594,0.0,0.224493,1.1732
793,0.008284,0.000306,0.0,0.0,0.17304899999999998,0.7964
794,0.009592,0.0,0.002552,0.0,0.186855,1.0056
795,0.005668,0.0,0.0,0.0,0.20451099999999997,0.9637
796,0.009156000000000001,0.005215,0.001444,0.0,0.26342299999999996,1.1316
797,0.004796000000000001,0.0,0.0,0.0,0.182259,0.6288
798,0.009592,0.000612,0.0017719999999999997,0.0,0.174578,1.0686
799,0.00436,0.0,6.6e-05,0.0,0.274602,0.7753
800,0.004796,0.014811999999999999,0.0016319999999999998,0.0,0.17832499999999998,0.7542
801,0.0030520000000000005,0.0021449999999999998,0.0,0.0,0.23585799999999996,0.8591
802,0.00436,0.00051,0.0017719999999999997,0.0,0.18962499999999996,0.8383
803,0.007848,0.000357,0.0014199999999999998,0.0,0.22326299999999996,1.1735
804,0.0109,0.002303,0.002044,0.000128,0.174228,1.0267
805,0.009156000000000001,0.003046,0.0,0.0,0.172508,0.8802
806,0.009156000000000001,0.0,0.003165,0.0,0.26789399999999997,0.8383
807,0.010464000000000001,0.00017199999999999998,0.0,0.000116,0.21606999999999998,1.1523999999999999
808,0.00872,0.0,0.002166,0.0,0.16478499999999996,1.1313
809,0.00436,0.002135,0.001299,0.0,0.189635,1.1313
810,0.009592,0.000778,0.0018659999999999998,0.0,0.22382599999999997,0.7542
811,0.006976,0.0,0.0,0.0,0.16922299999999998,1.1316
812,0.007848,0.0,0.0019879999999999997,0.0,0.16426199999999996,0.7542
813,0.003924,0.0,0.0,0.0,0.251768,0.9429
814,0.009156000000000001,0.0035510000000000003,0.002166,0.0,0.2670489999999999,1.1104999999999998
815,0.011565500000000001,0.0028309999999999997,0.0,0.0,0.201206,0.8802
816,0.005668,0.0,0.0013219999999999998,0.0,0.263804,0.8591
817,0.007412,0.0,0.0,0.0,0.21216799999999997,0.9221
818,0.011336,0.0,0.0013219999999999998,0.00011999999999999999,0.21883399999999997,0.7753
819,0.006540000000000001,0.006096,0.000398,0.0,0.16092499999999998,0.7123
820,0.003924,0.013134,0.002288,0.0,0.16485399999999997,1.0897000000000001
821,0.011772000000000001,0.0013930000000000001,0.0,0.0,0.217917,1.1523999999999999
822,0.011336,0.007598000000000001,0.0016219999999999997,0.0,0.228734,1.0478
823,0.00872,0.0,0.0,0.0,0.261305,0.8591
824,0.0044365,0.0017239999999999998,0.0020159999999999996,0.0,0.21007999999999996,1.1735
825,0.007412,0.002295,0.0,0.0,0.26819099999999996,1.1735
826,0.006104,0.00051,0.001566,0.0,0.24082599999999998,0.5866
827,0.006104,0.007632,0.0,0.0,0.18854999999999997,0.6496
828,0.0109,0.0,0.002166,0.0,0.21548,0.7334
829,0.004796,0.000556,0.0,0.0,0.18360299999999996,1.0894
830,0.007412,0.000456,0.0016879999999999998,0.0,0.253511,1.1732
831,0.010028,0.001192,0.0,0.0,0.198519,0.8802
832,0.008284,0.000204,0.002044,0.0,0.21939099999999997,1.1104999999999998
833,0.009592,0.0,0.00023100000000000003,0.0,0.262354,0.8383
834,0.004796000000000001,0.0,0.0014719999999999998,0.0,0.19020899999999996,0.8799
835,0.009156000000000001,0.0020900000000000003,0.0,0.0,0.17479199999999998,1.0059
836,0.011336,0.0037420000000000005,0.001444,0.0,0.162587,0.8802
837,0.009592,0.000408,0.0,0.0,0.224339,0.9221
838,0.005668,0.000714,0.0021379999999999997,0.0,0.20799099999999995,0.964
839,0.012208,0.0,0.0,0.0,0.20886199999999996,0.6704
840,0.003488,0.0,0.002594,0.0,0.25846399999999997,0.838
841,0.010028,0.006251,0.0,0.0,0.190682,1.0897000000000001
842,0.004031,0.0,0.003998,0.0,0.22925199999999996,0.9851
843,0.006540000000000001,0.008424,0.0,0.0,0.158218,0.9848
844,0.006104,0.004944,0.0019879999999999997,0.0,0.227126,0.5028
845,0.009592,0.0,0.0,0.0,0.185196,1.1735
846,0.0109,0.0062445,0.0019219999999999999,0.0,0.24007599999999996,0.9218
847,0.006976,0.0,0.0,0.0,0.179189,1.0897000000000001
848,0.011336,0.0029219999999999997,0.001754,0.0,0.26124299999999995,0.9218
849,0.011772000000000001,0.0,0.0,0.0,0.258506,1.0267
850,0.006540000000000001,0.004320999999999999,0.001566,0.0,0.20007599999999998,0.8591
851,0.009592,2.4e-05,0.0,0.0,0.255694,0.8802000000000001
852,0.010028,0.005928,0.0019219999999999999,0.0,0.162066,1.2154
853,0.005668,0.0015539999999999998,0.0,0.0,0.250229,1.0686
854,0.0109,0.0,0.0017159999999999999,0.0,0.17028899999999997,0.8591
855,0.009156000000000001,0.0,0.0,0.0,0.22076199999999999,0.46120000000000005
856,0.005668,0.0015119999999999999,0.0014719999999999998,0.0,0.17035199999999998,0.7123
857,0.0052320000000000005,0.00147,0.0,0.0,0.208362,0.9848
858,0.0026160000000000003,0.005344999999999999,0.0018659999999999998,0.0,0.19178399999999998,0.7961
859,0.004796,0.0,0.0,0.0,0.171975,0.9221
860,0.009592,0.010296,0.003633,0.0,0.25241199999999997,1.1313
861,0.006104,0.0025840000000000004,0.0,0.0,0.272308,1.0894
862,0.009156000000000001,0.0,0.002044,0.0,0.21606399999999998,0.5866
863,0.003924,0.0,0.0,0.0,0.197903,1.1104999999999998
864,0.010563000000000001,0.0,0.0019219999999999999,0.0,0.17090599999999997,0.9848
865,0.010464000000000001,0.010608,6.6e-05,0.0,0.241386,0.5031
866,0.005668,0.0016389999999999998,0.0030679999999999995,0.0,0.173252,0.7753
867,0.00872,0.002934,0.0,0.0,0.23254199999999997,0.7334
868,0.003488,0.0018559999999999998,0.0017159999999999999,0.0,0.23835599999999998,0.9221
869,0.00436,0.0012980000000000001,0.0017820000000000002,0.0,0.23695999999999998,1.1735
870,0.009592,0.002585,0.0017439999999999999,0.0,0.19323799999999997,0.8172
871,0.003052,0.0009279999999999999,0.0,0.0,0.16949399999999998,0.9848
872,0.0109,0.005568,0.0017439999999999999,0.0,0.169201,0.8591
873,0.010028,0.0,0.001657,0.0,0.21483799999999997,0.8383
874,0.0079755,0.0,0.003137,0.00011999999999999999,0.17076099999999997,0.838
875,0.012208,0.0,0.0,0.0,0.19262299999999996,0.7545000000000001
876,0.006540000000000001,0.003776,0.0017159999999999999,0.0,0.259054,0.8172
877,0.00696,0.0,0.0,0.0,0.201756,0.46120000000000005
878,0.004796,0.000342,0.0016879999999999998,0.0,0.16153599999999999,0.8591
879,0.011772000000000001,0.0,0.0,0.0,0.167573,0.901
880,0.005668,0.0,0.0019879999999999997,0.0,0.20120499999999997,1.1732
881,0.010028,0.0,0.0,0.0,0.17751199999999998,0.7545000000000001
882,0.0109,0.004248,0.002054,0.0,0.25036699999999995,1.0478
883,0.011336,0.01288,0.0,0.0,0.21775299999999997,1.0897000000000001
884,0.009156000000000001,0.000442,0.002166,0.0,0.15434599999999998,0.6707000000000001
885,0.00872,0.00231,0.0,0.0,0.18701899999999996,1.0475
886,0.00795,0.0,0.0018659999999999998,0.0,0.176226,0.8799
887,0.0052320000000000005,0.0012039999999999998,0.0,0.0,0.20290499999999997,0.7753
888,0.0109,0.0,0.0017439999999999999,0.0,0.17087899999999998,0.8383
889,0.011336,0.0,0.0,0.0,0.252957,0.8591
890,0.006540000000000001,0.0,0.00231,0.0,0.19680299999999998,0.8799
891,0.007412,0.000913,0.0,0.0,0.259414,1.0056
892,0.006104000000000001,0.0,0.006709,0.0,0.236981,0.8799
893,0.0109,0.010296,0.0,0.0,0.25906,1.0897000000000001
894,0.011336,0.000408,0.0014719999999999998,0.0,0.17539699999999997,1.1523999999999999
895,0.006104,0.0024920000000000003,0.0,0.0,0.259014,1.1104999999999998
896,0.009592000000000002,0.0,0.0013219999999999998,0.0,0.19570999999999997,0.8172
897,0.00872,0.005771999999999999,0.003368,0.0,0.21995699999999996,0.7964
898,0.0030520000000000005,0.004368,0.0014719999999999998,0.0,0.243078,1.0897000000000001
899,0.00872,0.0006959999999999999,0.0,0.0,0.16702499999999998,1.1316
900,0.00872,0.000342,0.0021379999999999997,0.0,0.278123,0.838
901,0.0026160000000000003,0.0,0.0,0.0,0.16960499999999998,1.0686
902,0.00218,0.000728,0.0036509999999999997,0.000118,0.19600399999999998,0.7123
903,0.012208,0.0,0.0,0.0,0.23690899999999998,1.0897000000000001
904,0.004796000000000001,0.0,0.0016219999999999997,0.0,0.25405,1.1104999999999998
905,0.003488,0.002713,0.0,0.0,0.16871999999999998,1.0686
906,0.0109,0.0026,0.0018659999999999998,0.0,0.17256199999999997,0.838
907,0.009592,0.0010775,0.0,0.0,0.210191,0.9637
908,0.0052320000000000005,0.0016239999999999998,0.0016219999999999997,0.0,0.170918,1.0059
909,0.00436,0.0027689999999999998,0.0,0.0,0.230923,0.7964
910,0.004796,0.000168,0.0029179999999999996,0.0,0.19410599999999997,0.7542
911,0.0109,0.00493,0.0013930000000000001,0.0,0.254499,0.8799
912,0.003488,0.0032830000000000003,0.00428,0.0,0.168349,0.9221
913,0.003488,0.002255,0.0,0.0,0.207808,0.8172
914,0.010028,0.0,0.004528,0.0,0.21004599999999998,1.1732
915,0.003052,0.012036,0.0,0.0,0.25131,0.6704
916,0.010028,0.0,0.0021379999999999997,0.0,0.20170499999999997,1.1732
917,0.011649,0.0,0.0,0.0,0.25792499999999996,1.1313
918,0.003052,0.0,0.001444,0.0,0.25081,1.1732
919,0.00436,0.0,0.0,0.0,0.21608799999999997,1.0059
920,0.004796,0.0057799999999999995,0.0019219999999999999,0.0,0.18705599999999997,1.1735
921,0.012899,0.000398,0.00039600000000000003,0.0,0.18627399999999997,1.0477999999999998
922,0.007412,0.0,0.0019879999999999997,0.0,0.189961,1.0056
923,0.012208,0.0,0.0,0.000116,0.21001199999999998,0.7334
924,0.00872,0.0,0.003947,0.0,0.181893,0.7542
925,0.009592000000000002,0.0,0.000796,0.0,0.26139999999999997,0.7333999999999999
926,0.003924,0.0006959999999999999,0.0013219999999999998,0.0,0.186283,0.7964
927,0.003488,0.0067480000000000005,0.0,0.0,0.15265999999999996,0.7753
928,0.003924,0.0013919999999999998,0.001964,0.0,0.251316,1.1104999999999998
929,0.006540000000000001,0.011699999999999999,0.000264,0.0,0.25793,1.1735
930,0.008847500000000001,0.0,0.001594,0.0,0.19407199999999997,0.5658000000000001
931,0.005668,0.0,0.0,0.0,0.23255099999999998,0.8382999999999999
932,0.0109,0.0052815,0.0018659999999999998,0.0,0.21508299999999997,0.8383
933,0.011336,0.00068,0.0,0.0,0.183558,0.7753
934,0.007848,0.0018559999999999998,0.0019219999999999999,0.0,0.257416,0.964
935,0.00218,0.0018559999999999998,0.0,0.0,0.169753,0.8383
936,0.006104,0.0034544999999999997,0.0019219999999999999,0.0,0.261978,1.1316
937,0.00872,0.003417,0.0,0.0,0.24706699999999998,0.7753
938,0.005668,0.003427,0.002676,0.0,0.24748299999999998,0.6915
939,0.006976,0.0,0.0,0.0,0.171421,1.1523999999999999
940,0.003488,0.0,0.0017439999999999999,0.0,0.16425199999999998,0.9637
941,0.004796,0.000188,0.0,0.0,0.26010599999999995,0.8172
942,0.013080000000000001,0.000612,0.002812,0.0,0.22311899999999998,1.1735
943,0.005668,0.000816,0.0,0.0,0.23258199999999998,1.1104999999999998
944,0.006540000000000001,0.0,0.0019219999999999999,0.0,0.21057499999999998,1.1735
945,0.0030520000000000005,0.000408,0.0,0.0,0.17366399999999999,0.8802
946,0.003924,0.0,0.002288,0.0,0.16152399999999997,1.1316
947,0.011336,0.0,0.0,0.0,0.24636599999999997,0.7753
948,0.011772000000000001,0.012019,0.0020159999999999996,0.0,0.24580899999999997,1.2154
949,0.00654,0.011328,0.0,0.0,0.22927299999999998,0.37710000000000005
950,0.003924,0.0013919999999999998,0.0018659999999999998,0.0,0.25762999999999997,0.9221
951,0.0026160000000000003,0.0011940000000000002,0.0,0.0,0.19894699999999996,1.1523999999999999
952,0.009592,0.0,0.0014719999999999998,0.0,0.19508699999999998,0.7753
953,0.009592,0.000714,0.0,0.0,0.171778,1.1943
954,0.00436,0.008284,0.002044,0.0,0.166441,0.7753
955,0.006104,0.0,0.000204,0.0,0.25059299999999995,0.9221
956,0.004796,0.0,0.002166,0.0,0.283556,0.7961
957,0.010028,0.0,0.0,0.0,0.219355,0.8802
958,0.007848,0.0,0.001586,0.0,0.17531999999999998,0.7753
959,0.005668,0.001344,0.0,0.0,0.19824399999999998,0.8172
960,0.009156000000000001,0.013805999999999999,0.0016879999999999998,0.0,0.164312,1.1104999999999998
961,0.007412,0.0,0.0021650000000000003,0.0,0.269656,1.2154
962,0.0052320000000000005,0.0006959999999999999,0.003634,0.0,0.23754699999999998,0.419
963,0.009592000000000002,0.01092,0.0,0.0,0.209585,1.1735
964,0.007848,0.0,0.001927,0.0,0.159829,1.1732
965,0.237677,0.0,0.000132,0.0,0.22963799999999995,1.0267
966,0.19226,0.013489,0.0019879999999999997,0.0,0.252388,0.7122999999999999
967,0.0052320000000000005,0.0,0.0019099999999999998,0.0,0.195862,0.964
968,0.007412,0.00286,0.0018379999999999998,0.0,0.16706699999999997,0.7545000000000001
969,0.010464000000000001,0.003556,0.0,0.0,0.21992199999999998,0.964
970,0.005668,0.0,0.002097,0.0,0.239194,0.7126
971,0.006976,0.010373,0.0,0.0,0.22105599999999997,1.0059
972,0.003488,0.003744,0.003482,0.0,0.201974,0.9429
973,0.003052,0.0,0.0,0.0,0.256808,0.9218
974,0.003924,0.0,0.002044,0.0,0.197345,1.0475
975,0.004796,0.0,0.0,0.0,0.23511199999999996,0.8591
976,0.00218,0.0,0.002166,0.0,0.22760199999999997,0.7333999999999999
977,0.006540000000000001,0.0009279999999999999,0.0,0.0,0.21880699999999997,0.7123
978,0.003488,9.6e-05,0.0018939999999999999,0.0,0.165923,0.5866
979,0.00218,0.008898,0.0,0.0,0.17756199999999997,0.9221
980,0.00872,0.0,0.002288,0.0,0.21883999999999998,0.9429
981,0.006976,0.002121,0.00019800000000000002,0.0,0.18858399999999997,0.7961
982,0.009592,0.0015899999999999998,0.0018659999999999998,0.0,0.158801,0.7334
983,0.004796,0.004023,0.0,0.0,0.18282299999999999,1.0059
984,0.0026160000000000003,0.0,0.0016219999999999997,0.0,0.207418,0.8799
985,0.010464000000000001,0.0,0.0,0.0,0.250789,0.6707
986,0.008284,0.0,0.0017159999999999999,0.0,0.239979,1.09
987,0.0111295,0.0,0.0021650000000000003,0.0,0.18079099999999998,1.0686
988,0.003924,0.0,0.0026019999999999997,0.0,0.250229,0.8591
989,0.0013080000000000001,0.005763,0.0019099999999999998,0.0,0.20261499999999996,0.9013
990,0.010464000000000001,0.0,0.002166,0.000128,0.24691299999999997,0.8591
991,0.007848,0.0,0.0,0.0,0.180848,1.0897000000000001
992,0.007848,0.005664,0.0018939999999999999,0.0,0.24255099999999996,0.6496000000000001
993,0.006104,0.000306,0.0037370000000000003,0.0,0.257613,0.838
994,0.010028,0.0016239999999999998,0.0017159999999999999,0.0,0.18653999999999998,0.8802
995,0.009592,0.0016239999999999998,0.00323,0.0,0.202286,0.6496000000000001
996,0.008284,0.0032779999999999997,0.001594,0.0,0.23141199999999998,0.7542
997,0.004796,0.0,0.0,0.0,0.16430299999999998,0.8594
998,0.003488,0.0021839999999999997,0.002265,0.0,0.201011,0.964
999,0.009156000000000001,0.0,0.0,0.0,0.175748,1.0686
1000,0.010464000000000001,0.0,0.0018379999999999998,0.0,0.21116299999999996,0.8798999999999999
1001,0.003488,0.0,0.001299,0.0,0.176977,0.7123
1002,0.00218,0.007272,0.0019219999999999999,0.0,0.18406699999999998,0.8171999999999999
